Earthbux Strategy Map: Allies vs. Watchdog Targets,                                                                                                           ,                                                                                                                         , 
                                                  ,                                                                                                           ,                                                                                                                         , 
Bucket                                            , Who                                                                                                       , Why it matters to Earthbux                                                                                              , First move
ALLY - work with now                              , "Community foundations (SVCF, Chicago Community Trust, Greater Kansas City, Foundation for the Carolinas)", "Public charities already doing geographic, mission-first grantmaking; can host/route funds and lend legitimacy."       , Pitch co-funded local missions in the 7-cause rotation.
ALLY - work with now                              , Giving circles & networks (Philanthropy Together)                                                         , "Same democratic, pooled-decision DNA as Earthbux; natural early adopters and benefactors."                             , Recruit circles as benefactor blocs; share voting tooling.
ALLY - work with now                              , "Transparent operating charities (GiveDirectly, GlobalGiving, GiveWell-vetted orgs)"                      , "Credible, evaluable recipients for mission pools; strong reporting feeds Earthbux News parallel reports."              , Build a vetted recipient roster per cause.
ALLY - intel & advocacy                           , "Charity-reform groups (Inequality.org / IPS Charity Reform Initiative, Donor Revolt)"                    , Already research DAF warehousing and payout failures; data and narrative partners for the newsroom.                     , Cite/partner for investigative pieces; share datasets.
TARGET - investigate later                        , "Commercial DAF sponsors (Fidelity Charitable, NPT, DAFgiving360, Vanguard Charitable)"                   , "No payout requirement, no per-account disclosure; 35% of DAFs paid out $0 in one study. Where transparency is weakest.", Track inflow-vs-outflow; expose idle balances.
TARGET - investigate later                        , Low-payout / spend-down-resistant endowed foundations                                                     , Only 5% legal payout while assets compound; 'capital warehouses' Earthbux exists to counter.                            , Compare payout vs. asset growth; publish scorecards.
TARGET - investigate later                        , Opaque single-issue charities & overhead-heavy intermediaries                                             , "Sponsor-centric, not mission-centric; Earthbux's stated reason to exist."                                              , Audit overhead vs. program ratios in coverage.
